"adr_inter","adresse","adrzus_int","behindertenparkplatz","bemerkung","ccmail","da","datum","datum_cms","dep","editor","erforderlichedokumente","fax","hausnummer","hindernisfreiheit","infrastruktur","isbetriebsferien_gebaeude","isbetriebsferien_schalter","kategorie","mail","name","namenzus","objectid","oeffnungszeiten_gebaeude_di","oeffnungszeiten_gebaeude_do","oeffnungszeiten_gebaeude_fr","oeffnungszeiten_gebaeude_mi","oeffnungszeiten_gebaeude_mo","oeffnungszeiten_gebaeude_sa","oeffnungszeiten_gebaeude_so","oeffnungszeiten_schalter_di","oeffnungszeiten_schalter_do","oeffnungszeiten_schalter_fr","oeffnungszeiten_schalter_mi","oeffnungszeiten_schalter_mo","oeffnungszeiten_schalter_sa","oeffnungszeiten_schalter_so","ort","plz","poi_id","postadresse","publish_internet","strasse","suchen","tel","tel2","www","zahlungsmittel_internet","zahlungsmittel_schalter","zahlungsmittel_telefon","zvv_label","zvv_link","link_pls","anzahl_oeffentliche_pp","id","davon_behinderten_pp","davon_elektro_pp","davon_frauen_pp","davon_klein_pp","anzahl_mobility_pp","geometry"
"","Fritz-Heeb-Weg 5","","5","","","","04.05.2020 01:51","","","","","","","","","","","Parkhaus","","Accu","","60","","","","","","","","","","","","","","","","","ph060","","","","","","","","","","","","","https://www.pls-zh.ch/parkhaus/accu.jsp?pid=accu","194","60","5","0","0","0","0","POINT (2683161 1252143.8)"
"","Leutschenbachstrasse 37","","4","","","","04.05.2020 01:51","","","","","","","","","","","Parkhaus","","Airgate","","10000450","","","","","","","","","","","","","","","","","ph10000450","","","","","","","","","","","","","","171","10000450","4","0","12","1","0","POINT (2684095.5 1252177.2)"
"","Bachwiesenstrasse 141","","1","","","","04.05.2020 01:51","","","","","","","","","","","Parkhaus","","Albisriederdörfli","","10000394","","","","","","","","","","","","","","","","","ph10000394","","","","","","","","","","","","","","26","10000394","1","0","0","0","0","POINT (2679026.8 1247771)"
"","Badenerstrasse 380c","","2","","","","04.05.2020 01:51","","","","","","","","","","","Parkhaus","","Albisriederplatz","","1411","","","","","","","","","","","","","","","","","ph1411","","","","","","","","","","","","","https://www.pls-zh.ch/parkhaus/albisriederplatz.jsp?pid=albisriederplatz","67","1411","2","1","0","1","0","POINT (2680764.2 1248167.6)"
"","Ueberlandstrasse 441","","2","","","","04.05.2020 01:51","","","","","","","","","","","Parkhaus","","Aldi","","10000515","","","","","","","","","","","","","","","","","ph10000515","","","","","","","","","","","","","","58","10000515","2","0","0","0","0","POINT (2687063.2 1251186)"
"","Schärenmoosstrasse 77a","","1","","","","04.05.2020 01:51","","","","","","","","","","","Parkhaus","","Aldi Seebach","","10000488","","","","","","","","","","","","","","","","","ph10000488","","","","","","","","","","","","","","76","10000488","1","0","0","1","0","POINT (2684356.2 1252704.9)"
"","Luggwegstrasse 107a","","0","","","","04.05.2020 01:51","","","","","","","","","","","Parkhaus","","Altstetten-Luggweg","","10000496","","","","","","","","","","","","","","","","","ph10000496","","","","","","","","","","","","","","44","10000496","0","0","0","0","0","POINT (2679439.8 1248779.1)"
"","Albisriederstrasse 348","","3","","","","04.05.2020 01:51","","","","","","","","","","","Parkhaus","","A-Park","","10000495","","","","","","","","","","","","","","","","","ph10000495","","","","","","","","","","","","","","74","10000495","3","2","0","0","0","POINT (2679133.5 1247728)"
"","Badenerstrasse 565b","","2","","","","04.05.2020 01:51","","","","","","","","","","","Parkhaus","","Atrium 565","","10000526","","","","","","","","","","","","","","","","","ph10000526","","","","","","","","","","","","","","18","10000526","2","0","0","0","0","POINT (2679963 1248644.4)"
"","Stadelhoferstrasse 42","","0","","","","04.05.2020 01:51","","","","","","","","","","","Parkhaus","","Bellevue-Garage","","10000502","","","","","","","","","","","","","","","","","ph10000502","","","","","","","","","","","","","","20","10000502","0","0","0","0","0","POINT (2683678.2 1246912.6)"
"","Toblerstrasse 55","","4","","","","04.05.2020 01:51","","","","","","","","","","","Parkhaus","","Bethanien","","10000521","","","","","","","","","","","","","","","","","ph10000521","","","","","","","","","","","","","","92","10000521","4","0","0","0","0","POINT (2684499 1248324.8)"
"","Ruedi-Walter-Strasse 2","","2","","","","04.05.2020 01:51","","","","","","","","","","","Parkhaus","","Binzmühlepark","","10000476","","","","","","","","","","","","","","","","","ph10000476","","","","","","","","","","","","","","27","10000476","2","0","0","0","0","POINT (2683252.8 1252123.6)"
"","Beethovenstrasse 35","","0","","","","04.05.2020 01:51","","","","","","","","","","","Parkhaus","","Bleicherweg","","49","","","","","","","","","","","","","","","","","ph049","","","","","","","","","","","","","https://www.pls-zh.ch/parkhaus/bleicherweg.jsp?pid=bleicherweg","263","49","0","0","13","0","0","POINT (2682865.2 1246860.1)"
"","Limmattalstrasse 400","","0","","","","04.05.2020 01:51","","","","","","","","","","","Parkhaus","","Bombach","","10000451","","","","","","","","","","","","","","","","","ph10000451","","","","","","","","","","","","","","21","10000451","0","0","0","0","0","POINT (2678599.5 1251022.1)"
"","Wannerstrasse 6","","4","","","","04.05.2020 01:51","","","","","","","","","","","Parkhaus","","Brunaupark","","10000407","","","","","","","","","","","","","","","","","ph10000407","","","","","","","","","","","","","","273","10000407","4","0","0","0","0","POINT (2681633.8 1245795)"
"","Pestalozzistrasse 7","","1","","","","04.05.2020 01:51","","","","","","","","","","","Parkhaus","","Caréum","","10000484","","","","","","","","","","","","","","","","","ph10000484","","","","","","","","","","","","","","50","10000484","1","0","0","0","0","POINT (2684234.5 1247696.6)"
"","Sophie-Taeuber-Strasse 4","","7","","","","04.05.2020 01:51","","","","","","","","","","","Parkhaus","","Center Eleven","","19","","","","","","","","","","","","","","","","","ph019","","","","","","","","","","","","","https://www.pls-zh.ch/parkhaus/center_11.jsp?pid=center_11","361","19","7","0","9","2","0","POINT (2683140.2 1251918.1)"
"","Löwenstrasse 19","","0","","","","04.05.2020 01:51","","","","","","","","","","","Parkhaus","","Centrum Garage","","10000503","","","","","","","","","","","","","","","","","ph10000503","","","","","","","","","","","","","","34","10000503","0","0","0","4","0","POINT (2682816.8 1247594.5)"
"","Berninastrasse 45","","3","","","","04.05.2020 01:51","","","","","","","","","","","Parkhaus","","City Bernina","","10000401","","","","","","","","","","","","","","","","","ph10000401","","","","","","","","","","","","","","51","10000401","3","0","0","0","0","POINT (2683629.8 1250909.5)"
"","Gessnerallee 14","","12","","","","04.05.2020 01:51","","","","","","","","","","","Parkhaus","","City Parking","","58","","","","","","","","","","","","","","","","","ph058","","","","","","","","","","","","","https://www.pls-zh.ch/parkhaus/cp.jsp?pid=cp","607","58","12","4","24","0","0","POINT (2682837.2 1247784.5)"
"","Pfingstweidstrasse 51","","3","","","","04.05.2020 01:51","","","","","","","","","","","Parkhaus","","City West","","10000519","","","","","","","","","","","","","","","","","ph10000519","","","","","","","","","","","","","","67","10000519","3","0","0","0","0","POINT (2681251.8 1249198.4)"
"","Affolternstrasse 56","","2","","","","04.05.2020 01:51","","","","","","","","","","","Parkhaus","","Cityport","","20","","","","","","","","","","","","","","","","","ph020","","","","","","","","","","","","","https://www.pls-zh.ch/parkhaus/cityport.jsp?pid=cityport","151","20","2","2","6","0","0","POINT (2683190 1251701.9)"
"","Frankentalerstrasse 20b","","1","","","","04.05.2020 01:51","","","","","","","","","","","Parkhaus","","Coop Frankenthal ","","10000530","","","","","","","","","","","","","","","","","ph10000530","","","","","","","","","","","","","","18","10000530","1","0","0","0","0","POINT (2678725.8 1251124.4)"
"","Kalkbreitestrasse 117","","3","","","","04.05.2020 01:51","","","","","","","","","","","Parkhaus","","Coop Goldbrunnenplatz","","10000424","","","","","","","","","","","","","","","","","ph10000424","","","","","","","","","","","","","","88","10000424","3","0","0","0","0","POINT (2681336 1247270.8)"
"","Nansenstrasse 16","","0","","","","04.05.2020 01:51","","","","","","","","","","","Parkhaus","","Coop Krone","","10000449","","","","","","","","","","","","","","","","","ph10000449","","","","","","","","","","","","","","30","10000449","0","0","0","1","0","POINT (2683499.2 1251715.8)"
"","Leimbachstrasse 215c","","0","","","","04.05.2020 01:51","","","","","","","","","","","Parkhaus","","Coop Leimbach","","10000494","","","","","","","","","","","","","","","","","ph10000494","","","","","","","","","","","","","","24","10000494","0","0","0","0","0","POINT (2681338.2 1242269.4)"
"","Zollikerstrasse 3","","0","","","","04.05.2020 01:51","","","","","","","","","","","Parkhaus","","Coop Neumünster","","10000493","","","","","","","","","","","","","","","","","ph10000493","","","","","","","","","","","","","","33","10000493","0","0","0","0","0","POINT (2684308.5 1246507.5)"
"","Scheffelstrasse 14","","1","","","","04.05.2020 01:51","","","","","","","","","","","Parkhaus","","Coop Nordbrücke","","10000460","","","","","","","","","","","","","","","","","ph10000460","","","","","","","","","","","","","","29","10000460","1","0","0","0","0","POINT (2682368.5 1249832.4)"
"","Am Suteracher 14","","0","","","","04.05.2020 01:51","","","","","","","","","","","Parkhaus","","Coop Suteracher","","10000487","","","","","","","","","","","","","","","","","ph10000487","","","","","","","","","","","","","","10","10000487","0","0","0","0","0","POINT (2677999.8 1249285.8)"
"","Seefeldstrasse 199","","0","","","","04.05.2020 01:51","","","","","","","","","","","Parkhaus","","Coop Tiefenbrunnen","","10000466","","","","","","","","","","","","","","","","","ph10000466","","","","","","","","","","","","","","20","10000466","0","0","0","0","0","POINT (2684650.8 1245318.1)"
"","Loorenstrasse 40","","0","","","","04.05.2020 01:51","","","","","","","","","","","Parkhaus","","Coop Witikon","","10000490","","","","","","","","","","","","","","","","","ph10000490","","","","","","","","","","","","","","12","10000490","0","0","0","0","0","POINT (2687349.5 1246159.2)"
"","Alte Kalchbühlstrasse 15","","2","","","","04.05.2020 01:51","","","","","","","","","","","Parkhaus","","Coop Wollishofen","","10000465","","","","","","","","","","","","","","","","","ph10000465","","","","","","","","","","","","","","44","10000465","2","0","0","0","0","POINT (2682517.8 1243816.2)"
"","Bienenstrasse 9","","0","","","","04.05.2020 01:51","","","","","","","","","","","Parkhaus","","Crowne Plaza","","61","","","","","","","","","","","","","","","","","ph061","","","","","","","","","","","","","https://www.pls-zh.ch/parkhaus/crowne_plaza.jsp?pid=crowne_plaza","310","61","0","0","20","0","0","POINT (2680667 1248362)"
"","Altstetterstrasse 332","","0","","","","04.05.2020 01:51","","","","","","","","","","","Parkhaus","","Denner Bockhorn","","10000470","","","","","","","","","","","","","","","","","ph10000470","","","","","","","","","","","","","","18","10000470","0","0","0","0","0","POINT (2678951.8 1247754.9)"
"","Forchstrasse 340","","6","","","","04.05.2020 01:51","","","","","","","","","","","Parkhaus","","Der Balgrist","","10000525","","","","","","","","","","","","","","","","","ph10000525","","","","","","","","","","","","","","56","10000525","6","2","0","0","0","POINT (2685908.5 1245339.4)"
"","Kurhausstrasse 69","","5","","","","04.05.2020 01:51","","","","","","","","","","","Parkhaus","","Dolder Grand Hotel","","10000497","","","","","","","","","","","","","","","","","ph10000497","","","","","","","","","","","","","","237","10000497","5","0","18","0","0","POINT (2685770.5 1247481.1)"
"","Schwamendingenstrasse 31","","0","","","","04.05.2020 01:51","","","","","","","","","","","Parkhaus","","Dorflinde","","43","","","","","","","","","","","","","","","","","ph043","","","","","","","","","","","","","https://www.pls-zh.ch/parkhaus/dorflinde.jsp?pid=dorflinde","48","43","0","0","0","0","0","POINT (2683788 1251345.5)"
"","Rämistrasse 101","","2","","","","04.05.2020 01:51","","","","","","","","","","","Parkhaus","","ETH Hauptgebäude","","10000402","","","","","","","","","","","","","","","","","ph10000402","","","","","","","","","","","","","","139","10000402","2","0","0","0","0","POINT (2683811.2 1247824.1)"
"","Hönggerbergring 20","","5","","","","04.05.2020 01:51","","","","","","","","","","","Parkhaus","","ETH Hönggerberg","","10000433","","","","","","","","","","","","","","","","","ph10000433","","","","","","","","","","","","","","380","10000433","5","0","20","0","2","POINT (2680562.2 1251411.6)"
"","John-von-Neumann-Weg 9","","5","","","","04.05.2020 01:51","","","","","","","","","","","Parkhaus","","ETH Hönggerberg (HPG)","","10000434","","","","","","","","","","","","","","","","","ph10000434","","","","","","","","","","","","","","599","10000434","5","0","2","0","0","POINT (2680791.5 1251363.5)"
"","Freischützgasse 30","","2","","","","04.05.2020 01:51","","","","","","","","","","","Parkhaus","","Europaallee","","10000507","","","","","","","","","","","","","","","","","ph10000507","","","","","","","","","","","","","","27","10000507","2","0","0","0","30","POINT (2682728.2 1248066.5)"
"","Riesbachstrasse 6","","2","","","","04.05.2020 01:51","","","","","","","","","","","Parkhaus","","Feldegg","","10","","","","","","","","","","","","","","","","","ph010","","","","","","","","","","","","","https://www.pls-zh.ch/parkhaus/feldegg.jsp?pid=feldegg","147","10","2","2","0","0","0","POINT (2684223 1246102)"
"","Schwamendingenstrasse 14","","0","","","","04.05.2020 01:51","","","","","","","","","","","Parkhaus","","Flora","","10000448","","","","","","","","","","","","","","","","","ph10000448","","","","","","","","","","","","","","29","10000448","0","0","0","0","0","POINT (2683699 1251350.4)"
"","Löwenstrasse 50a","","6","","","","04.05.2020 01:51","","","","","","","","","","","Parkhaus","","Globus","","25","","","","","","","","","","","","","","","","","ph025","","","","","","","","","","","","","https://www.pls-zh.ch/parkhaus/globus.jsp?pid=globus","139","25","6","2","0","0","0","POINT (2683004.5 1247827.5)"
"","Mürtschenstrasse 22","","2","","","","04.05.2020 01:51","","","","","","","","","","","Parkhaus","","Greenpark","","10000481","","","","","","","","","","","","","","","","","ph10000481","","","","","","","","","","","","","","48","10000481","2","0","0","0","0","POINT (2679918.5 1249072.4)"
"","Hofwiesenstrasse 141","","0","","","","04.05.2020 01:51","","","","","","","","","","","Parkhaus","","Guggach","","10000397","","","","","","","","","","","","","","","","","ph10000397","","","","","","","","","","","","","","33","10000397","0","0","0","0","0","POINT (2682549.8 1250405.4)"
"","Tellstrasse 48","","3","","","","04.05.2020 01:51","","","","","","","","","","","Parkhaus","","Gull (Europaallee)","","10000001","","","","","","","","","","","","","","","","","ph10000001","","","","","","","","","","","","","","13","10000001","3","0","0","0","0","POINT (2682432.5 1248235)"
"","Klebestrasse 3","","1","","","","04.05.2020 01:51","","","","","","","","","","","Parkhaus","","Hallenbad Leimbach","","10000396","","","","","","","","","","","","","","","","","ph10000396","","","","","","","","","","","","","","13","10000396","1","0","0","0","0","POINT (2681274.8 1242306.4)"
"","Norastrasse 38","","6","","","","04.05.2020 01:51","","","","","","","","","","","Parkhaus","","Hardau II","","5","","","","","","","","","","","","","","","","","ph005","","","","","","","","","","","","","https://www.pls-zh.ch/parkhaus/hardau.jsp?pid=hardau","113","5","6","0","0","1","0","POINT (2680859.2 1248423)"
"","Hardturmstrasse 417","","1","","","","04.05.2020 01:51","","","","","","","","","","","Parkhaus","","Hardturm","","10000444","","","","","","","","","","","","","","","","","ph10000444","","","","","","","","","","","","","","270","10000444","1","0","0","0","0","POINT (2680377.2 1249699.2)"
"","Pfingstweidstrasse 104","","6","","","","04.05.2020 01:51","","","","","","","","","","","Parkhaus","","Hardturmpark","","10000524","","","","","","","","","","","","","","","","","ph10000524","","","","","","","","","","","","","","145","10000524","6","0","0","0","0","POINT (2680815 1249460.6)"
"","Sihlquai 41","","2","","","","04.05.2020 01:51","","","","","","","","","","","Parkhaus","","Hauptbahnhof","","6","","","","","","","","","","","","","","","","","ph006","","","","","","","","","","","","","https://www.pls-zh.ch/parkhaus/hb.jsp?pid=hb","175","6","2","3","0","0","0","POINT (2682987 1248439.8)"
"","Molkenstrasse 9","","2","","","","04.05.2020 01:51","","","","","","","","","","","Parkhaus","","Helvetiaplatz","","529","","","","","","","","","","","","","","","","","ph529","","","","","","","","","","","","","https://www.pls-zh.ch/parkhaus/helvetia.jsp?pid=helvetia","66","529","2","2","0","1","0","POINT (2682192.2 1247855.6)"
"","Wasserschöpfi 75","","0","","","","04.05.2020 01:51","","","","","","","","","","","Parkhaus","","Heuried Bad und Eisbahn","","10000426","","","","","","","","","","","","","","","","","ph10000426","","","","","","","","","","","","","","113","10000426","0","0","0","16","0","POINT (2680618.8 1246940)"
"","Rämistrasse 22a","","7","","","","04.05.2020 01:51","","","","","","","","","","","Parkhaus","","Hohe Promenade","","22","","","","","","","","","","","","","","","","","ph022","","","","","","","","","","","","","https://www.pls-zh.ch/parkhaus/promenade.jsp?pid=promenade","497","22","7","4","12","0","0","POINT (2683793.2 1247020.8)"
"","Regensdorferstrasse 13","","1","","","","04.05.2020 01:51","","","","","","","","","","","Parkhaus","","Höngger Märt","","10000413","","","","","","","","","","","","","","","","","ph10000413","","","","","","","","","","","","","","116","10000413","1","0","0","0","0","POINT (2679964.8 1250781.2)"
"","Campanellaweg 6a","","2","","","","04.05.2020 01:51","","","","","","","","","","","Parkhaus","","Hotel Ramada","","10000520","","","","","","","","","","","","","","","","","ph10000520","","","","","","","","","","","","","","69","10000520","2","0","0","0","0","POINT (2680188.2 1248476.2)"
"","Orellistrasse 21","","3","","","","04.05.2020 01:51","","","","","","","","","","","Parkhaus","","Hotel Zürichberg","","10000498","","","","","","","","","","","","","","","","","ph10000498","","","","","","","","","","","","","","77","10000498","3","1","15","0","0","POINT (2685210.8 1248586.9)"
"","Brandschenkestrasse 132","","3","","","","04.05.2020 01:51","","","","","","","","","","","Parkhaus","","Hürlimann","","10000478","","","","","","","","","","","","","","","","","ph10000478","","","","","","","","","","","","","","55","10000478","3","0","0","0","0","POINT (2682137 1246523.2)"
"","Regensdorferstrasse 16a","","3","","","","04.05.2020 01:51","","","","","","","","","","","Parkhaus","","Im Brühl","","10000425","","","","","","","","","","","","","","","","","ph10000425","","","","","","","","","","","","","","63","10000425","3","0","0","0","0","POINT (2679963.5 1250851.2)"
"","Leutschenbachstrasse 38b","","0","","","","04.05.2020 01:51","","","","","","","","","","","Parkhaus","","Imperial-Geschäftshaus","","10000458","","","","","","","","","","","","","","","","","ph10000458","","","","","","","","","","","","","","187","10000458","0","0","2","0","0","POINT (2684096.2 1252182.2)"
"","Steinmühleplatz 5","","1","","","","04.05.2020 01:51","","","","","","","","","","","Parkhaus","","Jelmoli","","23","","","","","","","","","","","","","","","","","ph023","","","","","","","","","","","","","https://www.pls-zh.ch/parkhaus/jelmoli.jsp?pid=jelmoli","218","23","1","2","0","0","0","POINT (2682916 1247580)"
"","Jungholzstrasse 19","","0","","","","04.05.2020 01:51","","","","","","","","","","","Parkhaus","","Jungholz","","21","","","","","","","","","","","","","","","","","ph021","","","","","","","","","","","","","https://www.pls-zh.ch/parkhaus/jungholz.jsp?pid=jungholz","119","21","0","0","7","0","0","POINT (2683408.5 1251934.6)"
"","Birchstrasse 87","","8","","","","04.05.2020 01:51","","","","","","","","","","","Parkhaus","","Kantonsschule Oerlikon","","10000461","","","","","","","","","","","","","","","","","ph10000461","","","","","","","","","","","","","","113","10000461","8","0","0","0","0","POINT (2682843.2 1251303)"
"","Zürichbergstrasse 12","","0","","","","04.05.2020 01:51","","","","","","","","","","","Parkhaus","","Kantonsschule Rämibühl","","10000418","","","","","","","","","","","","","","","","","ph10000418","","","","","","","","","","","","","","97","10000418","0","0","0","0","0","POINT (2684087.2 1247461.9)"
"","Steinwiesstrasse 80","","2","","","","04.05.2020 01:51","","","","","","","","","","","Parkhaus","","Kinderspital 1","","10000508","","","","","","","","","","","","","","","","","ph10000508","","","","","","","","","","","","","","50","10000508","2","0","0","0","0","POINT (2684470.5 1247359.9)"
"","Enzenbühlstrasse 53","","2","","","","04.05.2020 01:51","","","","","","","","","","","Parkhaus","","Klinik Hirslanden","","10000522","","","","","","","","","","","","","","","","","ph10000522","","","","","","","","","","","","","","119","10000522","2","0","0","0","0","POINT (2685942.8 1245037.6)"
"","Badenerstrasse 705","","1","","","","04.05.2020 01:51","","","","","","","","","","","Parkhaus","","Krone","","10000518","","","","","","","","","","","","","","","","","ph10000518","","","","","","","","","","","","","","34","10000518","1","0","0","0","0","POINT (2678896.2 1249124.4)"
"","Sihlquai 305a","","2","","","","04.05.2020 01:51","","","","","","","","","","","Parkhaus","","KV Zurich Business School","","10000411","","","","","","","","","","","","","","","","","ph10000411","","","","","","","","","","","","","","129","10000411","2","0","11","0","0","POINT (2682024.5 1249386.1)"
"","Baslerstrasse 52","","14","","","","04.05.2020 01:51","","","","","","","","","","","Parkhaus","","Letzipark","","10000412","","","","","","","","","","","","","","","","","ph10000412","","","","","","","","","","","","","","1267","10000412","14","0","0","7","0","POINT (2679943.8 1248932.4)"
"","Ueberlandstrasse 381","","2","","","","04.05.2020 01:51","","","","","","","","","","","Parkhaus","","Lidl Schwamendingen","","10000486","","","","","","","","","","","","","","","","","ph10000486","","","","","","","","","","","","","","28","10000486","2","0","0","0","0","POINT (2686493 1251406.8)"
"","Hardturmstrasse 126b","","0","","","","04.05.2020 01:51","","","","","","","","","","","Parkhaus","","Limmat West","","10000454","","","","","","","","","","","","","","","","","ph10000454","","","","","","","","","","","","","","30","10000454","0","0","0","0","0","POINT (2681108 1249750.2)"
"","Spirgartenstrasse 5","","1","","","","04.05.2020 01:51","","","","","","","","","","","Parkhaus","","Lindenplatz","","10000523","","","","","","","","","","","","","","","","","ph10000523","","","","","","","","","","","","","","38","10000523","1","0","0","0","0","POINT (2679008 1249026.5)"
"","Hopfenstrasse 11","","0","","","","04.05.2020 01:51","","","","","","","","","","","Parkhaus","","Manesseparkhaus","","10000514","","","","","","","","","","","","","","","","","ph10000514","","","","","","","","","","","","","","16","10000514","0","0","0","0","0","POINT (2681735.8 1246593.2)"
"","Neumühlequai 42","","0","","","","04.05.2020 01:51","","","","","","","","","","","Parkhaus","","Marriot I","","10000408","","","","","","","","","","","","","","","","","ph10000408","","","","","","","","","","","","","","73","10000408","0","2","0","0","0","POINT (2683202.5 1248539.4)"
"","Wasserwerkstrasse 8","","0","","","","04.05.2020 01:51","","","","","","","","","","","Parkhaus","","Marriot II","","10000409","","","","","","","","","","","","","","","","","ph10000409","","","","","","","","","","","","","","29","10000409","0","0","0","0","0","POINT (2683246.8 1248559.1)"
"","Ellen-Widmann-Weg 2","","2","","","","04.05.2020 01:51","","","","","","","","","","","Parkhaus","","Max Bill-Platz","","59","","","","","","","","","","","","","","","","","ph059","","","","","","","","","","","","","https://www.pls-zh.ch/parkhaus/max_bill_platz.jsp?pid=max_bill_platz","98","59","2","0","0","0","0","POINT (2683049.2 1252073.2)"
"","Limmattalstrasse 166","","0","","","","04.05.2020 01:51","","","","","","","","","","","Parkhaus","","Meierhofplatz 1","","10000427","","","","","","","","","","","","","","","","","ph10000427","","","","","","","","","","","","","","13","10000427","0","0","0","0","0","POINT (2680145 1250662.9)"
"","Hagenholzstrasse 50","","7","","","","04.05.2020 01:51","","","","","","","","","","","Parkhaus","","Messe","","41","","","","","","","","","","","","","","","","","ph041","","","","","","","","","","","","","https://www.pls-zh.ch/parkhaus/messe.jsp?pid=messe","1992","41","7","0","24","24","0","POINT (2684128.8 1252050.9)"
"","Albisriederstrasse 367","","0","","","","04.05.2020 01:51","","","","","","","","","","","Parkhaus","","Migros Albisrieden","","10000462","","","","","","","","","","","","","","","","","ph10000462","","","","","","","","","","","","","","25","10000462","0","0","0","0","0","POINT (2679060.2 1247656.1)"
"","Löwenstrasse 33","","2","","","","04.05.2020 01:51","","","","","","","","","","","Parkhaus","","Migros City","","10000527","","","","","","","","","","","","","","","","","ph10000527","","","","","","","","","","","","","","37","10000527","2","0","0","0","0","POINT (2682895 1247721.8)"
"","Pfingstweidstrasse 101","","10","","","","04.05.2020 01:51","","","","","","","","","","","Parkhaus","","Migros Herdern","","10000445","","","","","","","","","","","","","","","","","ph10000445","","","","","","","","","","","","","","569","10000445","10","2","0","9","0","POINT (2680816.8 1249375.2)"
"","Wagnergasse 16","","2","","","","04.05.2020 01:51","","","","","","","","","","","Parkhaus","","Migros Kreuzplatz","","10000509","","","","","","","","","","","","","","","","","ph10000509","","","","","","","","","","","","","","25","10000509","2","0","0","0","0","POINT (2684229.2 1246547.8)"
"","Gasometerstrasse 47","","6","","","","04.05.2020 01:51","","","","","","","","","","","Parkhaus","","Migros Limmatplatz","","10000429","","","","","","","","","","","","","","","","","ph10000429","","","","","","","","","","","","","","397","10000429","6","2","0","8","0","POINT (2682467.8 1248883.4)"
"","Frohburgstrasse 1","","2","","","","04.05.2020 01:51","","","","","","","","","","","Parkhaus","","Migros Rigiplatz","","10000416","","","","","","","","","","","","","","","","","ph10000416","","","","","","","","","","","","","","55","10000416","2","0","0","0","0","POINT (2683810.2 1248984.8)"
"","Schaffhauserstrasse 470a","","3","","","","04.05.2020 01:51","","","","","","","","","","","Parkhaus","","Migros Seebach","","10000471","","","","","","","","","","","","","","","","","ph10000471","","","","","","","","","","","","","","69","10000471","3","0","0","0","0","POINT (2683743.8 1252675.1)"
"","Burstwiesenstrasse 5","","2","","","","04.05.2020 01:51","","","","","","","","","","","Parkhaus","","Migros Wiediker Markt","","10000398","","","","","","","","","","","","","","","","","ph10000398","","","","","","","","","","","","","","118","10000398","2","0","0","0","0","POINT (2680773.8 1247148.4)"
"","Etzelstrasse 3","","0","","","","04.05.2020 01:51","","","","","","","","","","","Parkhaus","","Migros Wollishofen","","10000492","","","","","","","","","","","","","","","","","ph10000492","","","","","","","","","","","","","","35","10000492","0","0","0","0","0","POINT (2682492 1244328.5)"
"","Seefeldstrasse 229a","","0","","","","04.05.2020 01:51","","","","","","","","","","","Parkhaus","","Mühle Tiefenbrunnen","","10000452","","","","","","","","","","","","","","","","","ph10000452","","","","","","","","","","","","","","37","10000452","0","0","0","0","0","POINT (2684861.8 1245083)"
"","Naglerwiesenstrasse 2","","0","","","","04.05.2020 01:51","","","","","","","","","","","Parkhaus","","Naglerwiesenstrasse","","10000469","","","","","","","","","","","","","","","","","ph10000469","","","","","","","","","","","","","","21","10000469","0","0","0","0","0","POINT (2678810.8 1251860.4)"
"","Siewerdtstrasse 84","","0","","","","04.05.2020 01:51","","","","","","","","","","","Parkhaus","","Neudorf","","10000415","","","","","","","","","","","","","","","","","ph10000415","","","","","","","","","","","","","","110","10000415","0","0","0","0","0","POINT (2684297.5 1251852.5)"
"","Baslerstrasse 145","","6","","","","04.05.2020 01:51","","","","","","","","","","","Parkhaus","","Neumarkt (Migros Altstetten)","","10000431","","","","","","","","","","","","","","","","","ph10000431","","","","","","","","","","","","","","254","10000431","6","4","0","7","0","POINT (2679198.8 1249257.6)"
"","Nansenstrasse 21","","3","","","","04.05.2020 01:51","","","","","","","","","","","Parkhaus","","Neumarkt (Zentrum Oerlikon)","","10000432","","","","","","","","","","","","","","","","","ph10000432","","","","","","","","","","","","","","302","10000432","3","3","4","0","0","POINT (2683405.2 1251661.5)"
"","Siewerdtstrasse 10","","2","","","","04.05.2020 01:51","","","","","","","","","","","Parkhaus","","Nordhaus","","45","","","","","","","","","","","","","","","","","ph045","","","","","","","","","","","","","https://www.pls-zh.ch/parkhaus/nordhaus.jsp?pid=nordhaus","184","45","2","0","13","4","0","POINT (2683686 1251843.5)"
"","Schiffbaustrasse 11","","4","","","","04.05.2020 01:51","","","","","","","","","","","Parkhaus","","Novotel Zürich-City","","10000463","","","","","","","","","","","","","","","","","ph10000463","","","","","","","","","","","","","","93","10000463","4","0","0","0","0","POINT (2681443.5 1249242.8)"
"","Brown-Boveri-Strasse 2","","2","","","","04.05.2020 01:51","","","","","","","","","","","Parkhaus","","Octavo","","51","","","","","","","","","","","","","","","","","ph051","","","","","","","","","","","","","https://www.pls-zh.ch/parkhaus/octavo.jsp?pid=octavo","121","51","2","0","0","0","0","POINT (2682853.2 1252000.4)"
"","Theaterstrasse 7","","6","","","","04.05.2020 01:51","","","","","","","","","","","Parkhaus","","Opéra","","1532","","","","","","","","","","","","","","","","","ph1532","","","","","","","","","","","","","https://www.pls-zh.ch/parkhaus/opera.jsp?pid=opera","297","1532","6","5","0","0","0","POINT (2683730 1246631)"
"","Förrlibuckstrasse 151","","0","","","","04.05.2020 01:51","","","","","","","","","","","Parkhaus","","P West","","52","","","","","","","","","","","","","","","","","ph052","","","","","","","","","","","","","https://www.pls-zh.ch/parkhaus/p_west.jsp?pid=p_west","1004","52","0","0","0","0","0","POINT (2680950.2 1249576.4)"
"","Gotthardstrasse 27","","7","","","","04.05.2020 01:51","","","","","","","","","","","Parkhaus","","Park Hyatt","","50","","","","","","","","","","","","","","","","","ph050","","","","","","","","","","","","","https://www.pls-zh.ch/parkhaus/park_hyatt.jsp?pid=park_hyatt","267","50","7","2","10","1","0","POINT (2682899.5 1246698)"
"","Seilergraben 74","","0","","","","04.05.2020 01:51","","","","","","","","","","","Parkhaus","","Parkgarage am Central","","27","","","","","","","","","","","","","","","","","ph027","","","","","","","","","","","","","https://www.pls-zh.ch/parkhaus/central.jsp?pid=central","30","27","0","0","0","0","0","POINT (2683537.8 1247895.8)"
"","Sophie-Taeuber-Strasse 14","","1","","","","04.05.2020 01:51","","","","","","","","","","","Parkhaus","","Parkside","","62","","","","","","","","","","","","","","","","","ph062","","","","","","","","","","","","","https://www.pls-zh.ch/parkhaus/parkside.jsp?pid=parkside","39","62","1","0","0","0","0","POINT (2683054.2 1251872.9)"
"","Pfingstweidstrasse 9","","0","","","","04.05.2020 01:51","","","","","","","","","","","Parkhaus","","Pfingstweid","","1","","","","","","","","","","","","","","","","","ph001","","","","","","","","","","","","","https://www.pls-zh.ch/parkhaus/pfingstweid.jsp?pid=pfingstweid","232","1","0","0","0","0","0","POINT (2681481.5 1249087)"
"","Hardstrasse 201","","0","","","","04.05.2020 01:51","","","","","","","","","","","Parkhaus","","Prime Tower","","10000512","","","","","","","","","","","","","","","","","ph10000512","","","","","","","","","","","","","","20","10000512","0","0","0","0","0","POINT (2681442.2 1248929)"
"","Technoparkstrasse 10","","3","","","","04.05.2020 01:51","","","","","","","","","","","Parkhaus","","Puls 5","","1533","","","","","","","","","","","","","","","","","ph1533","","","","","","","","","","","","","https://www.pls-zh.ch/parkhaus/puls5.jsp?pid=puls5","59","1533","3","0","5","0","0","POINT (2681459.8 1249457)"
"","Giessereistrasse 7","","2","","","","04.05.2020 01:51","","","","","","","","","","","Parkhaus","","Schiffbau","","10000473","","","","","","","","","","","","","","","","","ph10000473","","","","","","","","","","","","","","30","10000473","2","0","0","0","0","POINT (2681564.8 1249292.5)"
"","Lengghalde 2b","","3","","","","04.05.2020 01:51","","","","","","","","","","","Parkhaus","","Schulthess Klinik","","10000483","","","","","","","","","","","","","","","","","ph10000483","","","","","","","","","","","","","","193","10000483","3","0","0","0","0","POINT (2685735 1245202.9)"
"","Büttenweg 22","","16","","","","04.05.2020 01:51","","","","","","","","","","","Parkhaus","","Sihlcity","","10000479","","","","","","","","","","","","","","","","","ph10000479","","","","","","","","","","","","","","748","10000479","16","0","0","0","5","POINT (2681938 1245644.9)"
"","Saumackerstrasse 33","","0","","","","04.05.2020 01:51","","","","","","","","","","","Parkhaus","","Solida Park","","10000399","","","","","","","","","","","","","","","","","ph10000399","","","","","","","","","","","","","","48","10000399","0","0","0","0","0","POINT (2679283.8 1249097.5)"
"","Wehntalerstrasse 628","","0","","","","04.05.2020 01:51","","","","","","","","","","","Parkhaus","","Spar Affoltern","","10000489","","","","","","","","","","","","","","","","","ph10000489","","","","","","","","","","","","","","14","10000489","0","0","0","0","0","POINT (2680047.5 1252972.6)"
"","Baslerstrasse 15","","2","","","","04.05.2020 01:51","","","","","","","","","","","Parkhaus","","Stadion Letzigrund","","10000485","","","","","","","","","","","","","","","","","ph10000485","","","","","","","","","","","","","","108","10000485","2","0","0","0","0","POINT (2680421 1248665.4)"
"","Niklausstrasse 17","","2","","","","04.05.2020 01:51","","","","","","","","","","","Parkhaus","","Stampfenbach","","33","","","","","","","","","","","","","","","","","ph033","","","","","","","","","","","","","https://www.pls-zh.ch/parkhaus/stampfenbach.jsp?pid=stampfenbach","189","33","2","0","5","0","2","POINT (2683117 1249006.6)"
"","Müllerstrasse 11","","0","","","","04.05.2020 01:51","","","","","","","","","","","Parkhaus","","Stauffacher","","10000501","","","","","","","","","","","","","","","","","ph10000501","","","","","","","","","","","","","","10","10000501","0","0","0","0","0","POINT (2682499.5 1247607.8)"
"","Werdstrasse 6","","1","","","","04.05.2020 01:51","","","","","","","","","","","Parkhaus","","Stauffachertor","","10000421","","","","","","","","","","","","","","","","","ph10000421","","","","","","","","","","","","","","59","10000421","1","0","4","0","0","POINT (2682458.2 1247474.1)"
"","Tödistrasse 26","","0","","","","04.05.2020 01:51","","","","","","","","","","","Parkhaus","","Stockerhof","","10000506","","","","","","","","","","","","","","","","","ph10000506","","","","","","","","","","","","","","45","10000506","0","0","0","0","0","POINT (2682816 1246705.5)"
"","Nüschelerstrasse 30","","0","","","","04.05.2020 01:51","","","","","","","","","","","Parkhaus","","Talgarten","","42","","","","","","","","","","","","","","","","","ph042","","","","","","","","","","","","","https://www.pls-zh.ch/parkhaus/talgarten.jsp?pid=talgarten","110","42","0","0","0","0","0","POINT (2682881.8 1247391.1)"
"","Technoparkstrasse 2","","2","","","","04.05.2020 01:51","","","","","","","","","","","Parkhaus","","Technopark Zürich","","10000467","","","","","","","","","","","","","","","","","ph10000467","","","","","","","","","","","","","","61","10000467","2","0","0","0","2","POINT (2681334 1249290.4)"
"","Räffelstrasse 24","","3","","","","04.05.2020 01:51","","","","","","","","","","","Parkhaus","","Tic Tric Trac","","10000517","","","","","","","","","","","","","","","","","ph10000517","","","","","","","","","","","","","","155","10000517","3","0","0","0","0","POINT (2681179 1246396.2)"
"","Tobelhofstrasse 23","","1","","","","04.05.2020 01:51","","","","","","","","","","","Parkhaus","","Tobelhofstrasse","","10000321","","","","","","","","","","","","","","","","","ph10000321","","","","","","","","","","","","","","22","10000321","1","0","0","0","0","POINT (2685472.5 1248010.4)"
"","Förrlibuckstrasse 113","","2","","","","04.05.2020 01:51","","","","","","","","","","","Parkhaus","","Toni-Areal","","10000516","","","","","","","","","","","","","","","","","ph10000516","","","","","","","","","","","","","","90","10000516","2","0","0","0","0","POINT (2681095 1249561.6)"
"","Frauenklinikstrasse 10","","4","","","","04.05.2020 01:51","","","","","","","","","","","Parkhaus","","Unispital Nord","","1412","","","","","","","","","","","","","","","","","ph1412","","","","","","","","","","","","","https://www.pls-zh.ch/parkhaus/unispital_nord.jsp?pid=unispital_nord","104","1412","4","0","0","0","0","POINT (2683910.2 1248157.5)"
"","Winterthurerstrasse 181","","0","","","","04.05.2020 01:51","","","","","","","","","","","Parkhaus","","Universität Irchel","","18","","","","","","","","","","","","","","","","","ph018","","","","","","","","","","","","","https://www.pls-zh.ch/parkhaus/uni_irchel.jsp?pid=uni_irchel","773","18","0","0","0","0","0","POINT (2683633.2 1250294.1)"
"","Uraniastrasse 3","","1","","","","04.05.2020 01:51","","","","","","","","","","","Parkhaus","","Urania","","24","","","","","","","","","","","","","","","","","ph024","","","","","","","","","","","","","https://www.pls-zh.ch/parkhaus/urania.jsp?pid=urania","451","24","1","3","0","1","0","POINT (2683236.2 1247643.6)"
"","Färberstrasse 6","","0","","","","04.05.2020 01:51","","","","","","","","","","","Parkhaus","","Utoquai","","48","","","","","","","","","","","","","","","","","ph048","","","","","","","","","","","","","https://www.pls-zh.ch/parkhaus/utoquai.jsp?pid=utoquai","149","48","0","0","0","0","0","POINT (2683843.2 1246247)"
"","Vorderberg 3","","0","","","","04.05.2020 01:51","","","","","","","","","","","Parkhaus","","Vorderberg","","10000417","","","","","","","","","","","","","","","","","ph10000417","","","","","","","","","","","","","","20","10000417","0","0","0","0","0","POINT (2684595 1247866.5)"
"","Wallisellenstrasse 335","","2","","","","04.05.2020 01:51","","","","","","","","","","","Parkhaus","","Wallisellenstrasse","","10000457","","","","","","","","","","","","","","","","","ph10000457","","","","","","","","","","","","","","49","10000457","2","0","0","0","0","POINT (2684800.5 1251773)"
"","Pfingstweidstrasse 60b","","1","","","","04.05.2020 01:51","","","","","","","","","","","Parkhaus","","West-Park","","10000468","","","","","","","","","","","","","","","","","ph10000468","","","","","","","","","","","","","","38","10000468","1","0","0","0","0","POINT (2681302.8 1249417.8)"
"","Röschibachstrasse 28","","0","","","","04.05.2020 01:51","","","","","","","","","","","Parkhaus","","Wipkingen","","10000430","","","","","","","","","","","","","","","","","ph10000430","","","","","","","","","","","","","","62","10000430","0","0","0","0","0","POINT (2682045.2 1249723.1)"
"","Leutschenbachstrasse 77","","3","","","","04.05.2020 01:51","","","","","","","","","","","Parkhaus","","World Trade Center","","10000459","","","","","","","","","","","","","","","","","ph10000459","","","","","","","","","","","","","","184","10000459","3","0","0","1","0","POINT (2684491.5 1252473.1)"
"","Schauenbergstrasse 6a","","0","","","","04.05.2020 01:51","","","","","","","","","","","Parkhaus","","Zehntenhaus","","10000447","","","","","","","","","","","","","","","","","ph10000447","","","","","","","","","","","","","","41","10000447","0","0","0","0","0","POINT (2680541 1252533.9)"
"","Riedenhaldenstrasse 289","","4","","","","04.05.2020 01:51","","","","","","","","","","","Parkhaus","","Zentrum Affoltern","","10000414","","","","","","","","","","","","","","","","","ph10000414","","","","","","","","","","","","","","196","10000414","4","0","4","0","0","POINT (2680675 1252774.5)"
"","Zweierstrasse 136","","1","","","","04.05.2020 01:51","","","","","","","","","","","Parkhaus","","Zentrum Schmiede","","10000428","","","","","","","","","","","","","","","","","ph10000428","","","","","","","","","","","","","","20","10000428","1","0","0","0","0","POINT (2681650 1247241)"
"","Buchzelgstrasse 20a","","6","","","","04.05.2020 01:51","","","","","","","","","","","Parkhaus","","Zentrum Witikon","","10000511","","","","","","","","","","","","","","","","","ph10000511","","","","","","","","","","","","","","180","10000511","6","4","0","3","2","POINT (2686684.5 1246033)"
"","Nansenstrasse 7","","1","","","","04.05.2020 01:51","","","","","","","","","","","Parkhaus","","Züri 11","","53","","","","","","","","","","","","","","","","","ph053","","","","","","","","","","","","","https://www.pls-zh.ch/parkhaus/zueri11.jsp?pid=zueri11","61","53","1","2","0","0","0","POINT (2683508.5 1251699.4)"
"","Baurstrasse 7","","2","","","","04.05.2020 01:51","","","","","","","","","","","Parkhaus","","Zürichhorn","","11","","","","","","","","","","","","","","","","","ph011","","","","","","","","","","","","","https://www.pls-zh.ch/parkhaus/zuerichhorn.jsp?pid=zuerichhorn","184","11","2","0","10","0","0","POINT (2684196.8 1245547.8)"
